{
    "zero_stage": {
        "n_estimators": 492,
        "learning_rate": 0.032536580998942605,
        "num_leaves": 28,
        "max_depth": 12,
        "lambda_l1": 3.863799560974455e-05,
        "lambda_l2": 1.5331592783905275e-07
    },
    "count_stage": {
        "n_estimators": 770,
        "learning_rate": 0.07098105020069279,
        "num_leaves": 127,
        "max_depth": 5,
        "lambda_l1": 1.3752791650907162e-08,
        "lambda_l2": 1.2969667861407815e-05
    }
}