{
    "n_estimators": 1432,
    "learning_rate": 0.08088737431255848,
    "num_leaves": 499,
    "max_depth": 9,
    "min_child_samples": 48,
    "subsample": 0.6498003219146796,
    "colsample_bytree": 0.6956100063417635,
    "reg_alpha": 1.0708790181376734e-07,
    "reg_lambda": 0.0033606791673039013
}